{"cameraMode":{"drawMode":0,"name":"Shaded","section":"Shading Mode"},"sceneLighting":false,"audioPlay":false,"sceneViewState":{"showFog":true,"showMaterialUpdate":false,"showSkybox":false,"showFlares":true,"showImageEffects":true,"showParticleSystems":true},"in2DMode":false,"pivot":{"x":-1.1920928955078126e-7,"y":-3.803302526473999,"z":-4.278888702392578},"rotation":{"x":-0.26718607544898989,"y":0.35137397050857546,"z":-0.10535603016614914,"w":-0.8910968899726868},"size":26.902313232421876,"orthographic":false}