{"cameraMode":{"drawMode":0,"name":"Shaded","section":"Shading Mode"},"sceneLighting":true,"audioPlay":false,"sceneViewState":{"showFog":true,"showMaterialUpdate":false,"showSkybox":true,"showFlares":true,"showImageEffects":true,"showParticleSystems":true},"in2DMode":false,"pivot":{"x":2.6579999923706056,"y":0.029000043869018556,"z":-0.2837625741958618},"rotation":{"x":-0.26718607544898989,"y":0.35137397050857546,"z":-0.10535603016614914,"w":-0.8910968899726868},"size":0.889833390712738,"orthographic":false}