{"cameraMode":{"drawMode":0,"name":"Shaded","section":"Shading Mode"},"sceneLighting":false,"audioPlay":false,"sceneViewState":{"showFog":true,"showMaterialUpdate":false,"showSkybox":false,"showFlares":true,"showImageEffects":true,"showParticleSystems":true},"in2DMode":false,"pivot":{"x":0.5487844944000244,"y":0.3915606737136841,"z":0.0},"rotation":{"x":-0.26718607544898989,"y":0.35137397050857546,"z":-0.10535603016614914,"w":-0.8910968899726868},"size":146.3914794921875,"orthographic":false}