{"cameraMode":{"drawMode":0,"name":"Shaded","section":"Shading Mode"},"sceneLighting":false,"audioPlay":false,"sceneViewState":{"showFog":true,"showMaterialUpdate":false,"showSkybox":false,"showFlares":true,"showImageEffects":true,"showParticleSystems":true},"in2DMode":false,"pivot":{"x":-4.90997314453125,"y":2.5215654373168947,"z":-3.1012156009674074},"rotation":{"x":-0.26718607544898989,"y":0.35137397050857546,"z":-0.10535603016614914,"w":-0.8910968899726868},"size":2.824709415435791,"orthographic":false}