{"cameraMode":{"drawMode":0,"name":"Shaded","section":"Shading Mode"},"sceneLighting":true,"audioPlay":false,"sceneViewState":{"showFog":true,"showMaterialUpdate":false,"showSkybox":true,"showFlares":true,"showImageEffects":true,"showParticleSystems":true},"in2DMode":false,"pivot":{"x":61.154296875,"y":-94.07577514648438,"z":20.358932495117189},"rotation":{"x":-0.3539097011089325,"y":-0.47483742237091067,"z":0.21650651097297669,"w":-0.7761552929878235},"size":198.60769653320313,"orthographic":false}