{"cameraMode":{"drawMode":0,"name":"Shaded","section":"Shading Mode"},"sceneLighting":true,"audioPlay":false,"sceneViewState":{"showFog":true,"showMaterialUpdate":false,"showSkybox":true,"showFlares":true,"showImageEffects":true,"showParticleSystems":true},"in2DMode":false,"pivot":{"x":-7.23410177230835,"y":-2.5162625312805177,"z":2.737323522567749},"rotation":{"x":-0.29934999346733096,"y":0.36409276723861697,"z":-0.12483735382556915,"w":-0.873070240020752},"size":11.357261657714844,"orthographic":false}