{"cameraMode":{"drawMode":0,"name":"Shaded","section":"Shading Mode"},"sceneLighting":true,"audioPlay":false,"sceneViewState":{"showFog":true,"showMaterialUpdate":false,"showSkybox":true,"showFlares":true,"showImageEffects":true,"showParticleSystems":true},"in2DMode":false,"pivot":{"x":-118.10250854492188,"y":-161.66465759277345,"z":13.900846481323243},"rotation":{"x":-0.3456262946128845,"y":0.581540584564209,"z":-0.29856839776039126,"w":-0.6732200384140015},"size":249.10105895996095,"orthographic":false}