{"cameraMode":{"drawMode":0,"name":"Shaded","section":"Shading Mode"},"sceneLighting":false,"audioPlay":false,"sceneViewState":{"showFog":true,"showMaterialUpdate":false,"showSkybox":false,"showFlares":true,"showImageEffects":true,"showParticleSystems":true},"in2DMode":false,"pivot":{"x":2.2761363983154299,"y":0.906981348991394,"z":0.37031054496765139},"rotation":{"x":-0.26718607544898989,"y":0.35137397050857546,"z":-0.10535603016614914,"w":-0.8910968899726868},"size":5.457120418548584,"orthographic":false}