{"cameraMode":{"drawMode":0,"name":"Shaded","section":"Shading Mode"},"sceneLighting":true,"audioPlay":false,"sceneViewState":{"showFog":true,"showMaterialUpdate":false,"showSkybox":true,"showFlares":true,"showImageEffects":true,"showParticleSystems":true},"in2DMode":false,"pivot":{"x":1.8504958152770997,"y":-0.4327878952026367,"z":-1.1184639930725098},"rotation":{"x":-0.41571784019470217,"y":0.2903357744216919,"z":-0.1419748216867447,"w":-0.8501374125480652},"size":9.122005462646485,"orthographic":false}