{"cameraMode":{"drawMode":0,"name":"Shaded","section":"Shading Mode"},"sceneLighting":false,"audioPlay":false,"sceneViewState":{"showFog":true,"showMaterialUpdate":false,"showSkybox":false,"showFlares":true,"showImageEffects":true,"showParticleSystems":true},"in2DMode":false,"pivot":{"x":-2.60770320892334e-8,"y":0.006697207689285278,"z":-0.00002489238977432251},"rotation":{"x":-0.1674187332391739,"y":0.1857050508260727,"z":-0.032127745449543,"w":-0.9677084684371948},"size":1.5571197271347047,"orthographic":false}